date,CODE,TEA,ROBO,MLBK,FIT
2026-01-02,9832,4911,39390,1988,3004
2026-01-05,9817,4935,39757,1945,3030
2026-01-06,9805,4937,39883,1917,2992
2026-01-07,9931,5010,39171,1894,3020
2026-01-08,9756,4967,38606,1913,3046
2026-01-09,9631,5010,38409,1911,3062
2026-01-12,9655,5018,38047,1939,3036
2026-01-13,9661,5037,38056,1902,3059
2026-01-14,9756,5047,38279,1872,3039
2026-01-15,9759,5122,37846,1900,3047
2026-01-16,9834,5070,37627,1874,3049
2026-01-19,9926,4997,37791,1896,3055
2026-01-20,10011,4976,38168,1916,3023
2026-01-21,10031,5062,38503,1917,3060
2026-01-22,9908,5128,38656,1944,3098
2026-01-23,9938,5154,38129,1944,3065
2026-01-26,9763,5219,37853,1903,3087
2026-01-27,9875,5245,37799,1935,3092
2026-01-28,9838,5325,37401,1969,3042
2026-01-29,9950,5287,37804,1981,3023
2026-01-30,10010,5373,38582,2005,2955
2026-02-02,10068,5327,39374,2002,2960
2026-02-03,9931,5367,40061,2034,2955
2026-02-04,9813,5339,40369,2069,2920
2026-02-05,9993,5218,40186,2100,2941
2026-02-06,10155,5248,40015,2137,2979
2026-02-09,10268,5188,40242,2147,2933
2026-02-10,10466,5276,39929,2185,2980
2026-02-11,10456,5331,40578,2139,3000
2026-02-12,10255,5231,41167,2098,2984
2026-02-13,10170,5278,40504,2108,2957
2026-02-16,10179,5224,40552,2084,2951
2026-02-17,10074,5302,39880,2036,3001
2026-02-18,10040,5298,40411,2042,2967
2026-02-19,10183,5249,40098,1999,3007
2026-02-20,10255,5249,40548,2031,2965
2026-02-23,10273,5287,40151,1990,3011
2026-02-24,10050,5184,39873,2003,3016
2026-02-25,10124,5198,40450,2003,2986
2026-02-26,10049,5097,40362,2003,2953
2026-02-27,10000,5000,40000,2000,3000
2026-03-02,10000,5000,40000,2000,3000
2026-03-03,10200,4950,39800,2100,2900
2026-03-04,9800,4900,41200,1900,3100
2026-03-05,10500,4850,43500,2300,3700
2026-03-06,10800,4800,45000,2500,4200
2026-03-09,10756,4772,44198,2504,4223
2026-03-10,10793,4800,44040,2504,4250
2026-03-11,10792,4830,43273,2459,4234
2026-03-12,10627,4739,43657,2444,4222
2026-03-13,10630,4754,43939,2448,4215
2026-03-16,10736,4727,44259,2444,4194
2026-03-17,10779,4705,44729,2419,4128
2026-03-18,10775,4656,44369,2372,4107
2026-03-19,10955,4641,44338,2361,4160
2026-03-20,10849,4589,43612,2323,4149
2026-03-23,10814,4520,43629,2339,4179
2026-03-24,10999,4528,43668,2309,4193
2026-03-25,10989,4557,43363,2284,4204
2026-03-26,10997,4636,43047,2290,4181
2026-03-27,10789,4670,42771,2290,4224
2026-03-30,10670,4651,42225,2275,4205
2026-03-31,10511,4605,43051,2255,4180
2026-04-01,10322,4541,43677,2268,4138
2026-04-02,10406,4454,43108,2238,4135
2026-04-03,10567,4414,42690,2202,4112
2026-04-06,10399,4410,43454,2188,4106
2026-04-07,10450,4369,44100,2210,4123
2026-04-08,10438,4336,44136,2177,4183
2026-04-09,10430,4413,43929,2216,4149
2026-04-10,10317,4430,43237,2248,4228
2026-04-13,10476,4490,43426,2273,4277
2026-04-14,10529,4500,42931,2302,4211
2026-04-15,10511,4527,42869,2300,4183
2026-04-16,10498,4610,42371,2318,4143
2026-04-17,10679,4613,42385,2335,4110
2026-04-20,10887,4570,42430,2318,4170
2026-04-21,10907,4594,42453,2318,4205
2026-04-22,10933,4641,42948,2282,4121
2026-04-23,11007,4607,42554,2237,4075
2026-04-24,10922,4636,43191,2226,4006
2026-04-27,11053,4545,43171,2267,3954
2026-04-28,11054,4632,43273,2267,3987
2026-04-29,11045,4627,43862,2260,4056
2026-04-30,11215,4714,43556,2266,4131
2026-05-01,11185,4748,44423,2267,4138
2026-05-04,11093,4816,44231,2254,4072
2026-05-05,10990,4899,44435,2276,4090
2026-05-06,10785,4978,44504,2284,4093
2026-05-07,10852,4958,43885,2298,4112
2026-05-08,10894,5052,43975,2274,4078
2026-05-11,10876,5144,44819,2263,4014
2026-05-12,10886,5089,45229,2239,4001
2026-05-13,10881,5156,44562,2222,3939
2026-05-14,11065,5123,45125,2237,4018
2026-05-15,10959,5062,45408,2254,4083
2026-05-18,10952,5034,44611,2260,4131
2026-05-19,10957,5061,44908,2242,4061
2026-05-20,11100,5071,44072,2245,4075
2026-05-21,11237,5066,44582,2287,4113
2026-05-22,11263,5124,45369,2273,4095
2026-05-25,11446,5141,44786,2294,4036
2026-05-26,11598,5077,44370,2314,4111
2026-05-27,11513,5103,44441,2322,4122
2026-05-28,11705,5032,44186,2298,4043
2026-05-29,11517,5111,44111,2296,4087
2026-06-01,11604,5203,43558,2336,4052
2026-06-02,11737,5269,42780,2346,4121
2026-06-03,11744,5339,42242,2347,4130
2026-06-04,11722,5382,41658,2362,4185
2026-06-05,11940,5446,41893,2325,4175
2026-06-08,12163,5476,41876,2291,4247
2026-06-09,12330,5385,41953,2301,4233
2026-06-10,12319,5358,41162,2284,4173
2026-06-11,12105,5407,40703,2275,4197
2026-06-12,11991,5329,40482,2253,4278
2026-06-15,11991,5380,40551,2248,4221
2026-06-16,11797,5487,40495,2229,4203
2026-06-17,11914,5382,40896,2198,4128
2026-06-18,11872,5321,40331,2210,4120
2026-06-19,11848,5395,40048,2166,4132
2026-06-22,11617,5413,40392,2174,4185
2026-06-23,11385,5428,39650,2139,4175
2026-06-24,11422,5527,38869,2167,4198
2026-06-25,11619,5501,38238,2162,4246
2026-06-26,11426,5603,38370,2125,4210
2026-06-29,11560,5607,38684,2115,4257
2026-06-30,11443,5639,39169,2096,4308
2026-07-01,11499,5562,38789,2118,4295
2026-07-02,11615,5564,39187,2138,4256
2026-07-03,11827,5472,38660,2166,4297
2026-07-06,11906,5522,38183,2144,4301
2026-07-07,11971,5486,38666,2165,4241
2026-07-08,11805,5433,38547,2157,4210
2026-07-09,11717,5334,38444,2140,4255
2026-07-10,11756,5353,38956,2124,4287
2026-07-13,11883,5415,38443,2096,4207
2026-07-14,12097,5342,38019,2105,4140
2026-07-15,12093,5298,38731,2065,4134
2026-07-16,12200,5306,38286,2042,4064
2026-07-17,12021,5276,37763,2058,4047
2026-07-20,11888,5376,38506,2075,3978
2026-07-21,11930,5309,38386,2097,4056
2026-07-22,12149,5361,38268,2089,4035
2026-07-23,12331,5256,38813,2120,4062
2026-07-24,12334,5278,39131,2134,4026
2026-07-27,12129,5274,39864,2105,3981
2026-07-28,12211,5258,40071,2072,3955
2026-07-29,12423,5323,39975,2062,3891
2026-07-30,12564,5409,40691,2070,3897
2026-07-31,12772,5513,40865,2082,3836
2026-08-03,12673,5622,40198,2074,3843
2026-08-04,12629,5548,40836,2083,3872
2026-08-05,12784,5552,41226,2067,3867
2026-08-06,12795,5481,40593,2070,3843
2026-08-07,12639,5489,39909,2109,3887
2026-08-10,12394,5415,40252,2126,3830
2026-08-11,12198,5499,40449,2113,3777
2026-08-12,12388,5503,39895,2148,3785
2026-08-13,12165,5587,39372,2126,3812
2026-08-14,12091,5619,39594,2127,3796
2026-08-17,12020,5507,39102,2088,3809
2026-08-18,12150,5479,39803,2098,3804
2026-08-19,11919,5450,40572,2072,3757
2026-08-20,11924,5388,39810,2045,3797
2026-08-21,11842,5314,40560,2039,3863
2026-08-24,11749,5337,40801,2046,3859
2026-08-25,11667,5258,41476,2041,3922
2026-08-26,11491,5360,41956,2031,3937
2026-08-27,11697,5356,41599,2031,3957
2026-08-28,11730,5436,41374,1995,3923
2026-08-31,11873,5486,40563,1980,3998
2026-09-01,11709,5460,40597,1943,4004
2026-09-02,11718,5485,41225,1950,4082
2026-09-03,11687,5518,41786,1938,4057
2026-09-04,11611,5484,41766,1922,4128
2026-09-07,11656,5574,41162,1915,4164
2026-09-08,11739,5489,41645,1953,4159
2026-09-09,11537,5493,41744,1963,4230
2026-09-10,11491,5566,42528,1965,4300
2026-09-11,11351,5607,42453,1991,4240
2026-09-14,11542,5597,42638,2027,4232
2026-09-15,11332,5616,42796,2009,4298
2026-09-16,11352,5522,43534,2023,4376
2026-09-17,11506,5584,43830,2060,4413
2026-09-18,11484,5492,43525,2060,4361
2026-09-21,11601,5490,43098,2087,4296
2026-09-22,11457,5449,43412,2075,4376
2026-09-23,11553,5504,43344,2066,4432
2026-09-24,11728,5444,43077,2043,4357
2026-09-25,11554,5406,43639,2036,4324
2026-09-28,11568,5407,43683,2031,4290
2026-09-29,11700,5371,43736,2041,4371
2026-09-30,11708,5458,43033,2074,4406
2026-10-01,11922,5507,42648,2103,4465
2026-10-02,11760,5586,41859,2129,4541
2026-10-05,11922,5564,42010,2134,4503
2026-10-06,11869,5492,41288,2123,4491
2026-10-07,11834,5560,41985,2154,4559
2026-10-08,11793,5497,42094,2186,4587
2026-10-09,11594,5539,41902,2144,4667
2026-10-12,11504,5505,42146,2122,4576
2026-10-13,11432,5569,42272,2094,4664
2026-10-14,11324,5549,42199,2104,4609
2026-10-15,11323,5616,42163,2102,4632
2026-10-16,11450,5589,41357,2128,4598
2026-10-19,11411,5512,42016,2123,4553
2026-10-20,11396,5566,41401,2096,4640
2026-10-21,11317,5600,40747,2057,4703
2026-10-22,11309,5517,40082,2023,4737
2026-10-23,11137,5466,40138,1991,4745
2026-10-26,11269,5539,39744,1968,4767
2026-10-27,11403,5499,40495,1938,4680
2026-10-28,11547,5574,40898,1946,4744
2026-10-29,11708,5562,40196,1957,4758
2026-10-30,11582,5483,40360,1995,4757
2026-11-02,11792,5511,39746,2006,4792
2026-11-03,11971,5452,40484,1999,4828
2026-11-04,12040,5555,41140,1985,4744
2026-11-05,11996,5569,41497,2016,4772
2026-11-06,12132,5485,41177,1984,4844
2026-11-09,12302,5440,41129,1949,4786
2026-11-10,12386,5431,40836,1937,4870
2026-11-11,12614,5409,41484,1910,4881
2026-11-12,12539,5306,41800,1919,4885
2026-11-13,12367,5352,41633,1889,4944
2026-11-16,12398,5389,41657,1859,4951
2026-11-17,12434,5354,42237,1883,5003
2026-11-18,12453,5392,42100,1911,5030
2026-11-19,12258,5483,42081,1915,5108
2026-11-20,12364,5573,42243,1914,5167
2026-11-23,12392,5650,42139,1921,5153
2026-11-24,12426,5753,42592,1892,5242
2026-11-25,12284,5791,42742,1881,5149
2026-11-26,12183,5802,42897,1854,5169
2026-11-27,12070,5735,42868,1852,5163
2026-11-30,12097,5701,42038,1878,5239
2026-12-01,11904,5662,42787,1848,5233
2026-12-02,11791,5758,42590,1885,5154
2026-12-03,12006,5809,41796,1907,5240
2026-12-04,11848,5696,41738,1901,5315
2026-12-07,11936,5709,41138,1935,5413
2026-12-08,12059,5653,40712,1904,5362
2026-12-09,12167,5615,40746,1918,5306
2026-12-10,12013,5647,40367,1912,5248
2026-12-11,12076,5628,40257,1949,5187
2026-12-14,12079,5691,40636,1945,5288
2026-12-15,11971,5685,39866,1911,5279
2026-12-16,12133,5774,40029,1909,5318
2026-12-17,12031,5737,40061,1928,5238
2026-12-18,11942,5630,40787,1966,5288
2026-12-21,11828,5567,40171,1959,5294
2026-12-22,11621,5483,39959,1953,5262
2026-12-23,11580,5560,39507,1920,5240
2026-12-24,11764,5509,38837,1936,5303
2026-12-25,11895,5402,38324,1938,5334
2026-12-28,11854,5340,38179,1932,5401
2026-12-29,11624,5330,37585,1920,5444
2026-12-30,11437,5283,36992,1895,5401
2026-12-31,11218,5310,37717,1922,5360
